run,side,shape_index,kernel,variant,num_warps,num_stages,constexprs,signature,attrs,benchmark_fn_launches,convert_layout_count,shared_bytes,text_bytes,text_sha256,cache_hash,ttgir_exact_match,ttgir_without_location_definitions_match,off_on_text_changed
ab-bernoulli-fixed/bernoulli__after,on,4096x4096,bernoulli_kernel,w16s3__i32.ttgir,16,3,"{""BLOCK"": 1024}","{""N"": ""i32"", ""out_ptr"": ""*fp16"", ""p"": ""fp32"", ""philox_offset"": ""i32"", ""philox_seed"": ""i32""}","{""N"": [""div16""], ""out_ptr"": [""div16""]}",512,0,0,3428,0ca397f107c0eb96d2a64527356003304b1f9a3fbbdfc13fdf7ebfa45944261e,WZNIVU4NGJK7K34PEOXPEI6TFIRYPRNZACGHTNKLZCMLB7YE54PQ,True,True,True
ab-bernoulli-fixed/bernoulli__after,on,4096x4096,bernoulli_kernel,w16s3__i64.ttgir,16,3,"{""BLOCK"": 1024}","{""N"": ""i32"", ""out_ptr"": ""*fp16"", ""p"": ""fp32"", ""philox_offset"": ""i64"", ""philox_seed"": ""i32""}","{""N"": [""div16""], ""out_ptr"": [""div16""]}",12186,0,0,3416,a087bba6999d155958a216e5ac7f38c8f275768e3ebec4d066bb8fc1eb33e7fc,Q3CE6ZCTZOAXKLPWCJ2D4OLKZR65C7QHNKXV3RPIYA3A3JNEGQ2A,True,True,True
ab-bernoulli-fixed/bernoulli__before,off,4096x4096,bernoulli_kernel,w16s3__i32.ttgir,16,3,"{""BLOCK"": 1024}","{""N"": ""i32"", ""out_ptr"": ""*fp16"", ""p"": ""fp32"", ""philox_offset"": ""i32"", ""philox_seed"": ""i32""}","{""N"": [""div16""], ""out_ptr"": [""div16""]}",512,4,2048,3940,afb8d7c316010db097b38865e81a1c4bd42c96fc97c0e05488dcdaf87a15068d,NOLEWMMPRHMS5AJW7OI56YPBFILQFK4RI7IZLS4QZ2E5XFX66SZA,True,True,True
ab-bernoulli-fixed/bernoulli__before,off,4096x4096,bernoulli_kernel,w16s3__i64.ttgir,16,3,"{""BLOCK"": 1024}","{""N"": ""i32"", ""out_ptr"": ""*fp16"", ""p"": ""fp32"", ""philox_offset"": ""i64"", ""philox_seed"": ""i32""}","{""N"": [""div16""], ""out_ptr"": [""div16""]}",11337,4,2048,3928,77f89a33f46bb203783dd86a8ab0eb35a867eabeabeeacc79be7eb72efc36039,3XDQ46OKDKF7ZPBHBGB46JSJJ2B4KFWD4S5MY24EHPYU6OMESMBQ,True,True,True
ab-dropout/dropout_after,on,4096x4096,dropout_forward_kernel,w16s3__i32.ttgir,16,3,"{""BLOCK"": 1024}","{""N"": ""i32"", ""X"": ""*fp16"", ""Y"": ""*fp16"", ""dropout_mask"": ""*u1"", ""p"": ""fp32"", ""philox_offset"": ""i32"", ""philox_seed"": ""i32""}","{""N"": [""div16""], ""X"": [""div16""], ""Y"": [""div16""], ""dropout_mask"": [""div16""]}",512,0,0,5220,0685cf4fdcef52b50262161e2cfa58f2dfa9372ebea720c0a545fcd6fdafb2e2,HVAMFMOKZUW7STJLLB2OEUNRP5XQYRPYZZR6SOLUFDLFAJALJNIA,True,True,True
ab-dropout/dropout_after,on,4096x4096,dropout_forward_kernel,w16s3__i64.ttgir,16,3,"{""BLOCK"": 1024}","{""N"": ""i32"", ""X"": ""*fp16"", ""Y"": ""*fp16"", ""dropout_mask"": ""*u1"", ""p"": ""fp32"", ""philox_offset"": ""i64"", ""philox_seed"": ""i32""}","{""N"": [""div16""], ""X"": [""div16""], ""Y"": [""div16""], ""dropout_mask"": [""div16""]}",10713,0,0,5208,86cc6c66c6641ef23208667074cba01edd34ea58962ab8c40139162b1d7d66d0,UCS4B4NLJHAEIOVFB5CZQHI7RHXWZXWG7RHZ2CC67FFHYIHVM2EQ,True,True,True
ab-dropout/dropout_before,off,4096x4096,dropout_forward_kernel,w16s3__i32.ttgir,16,3,"{""BLOCK"": 1024}","{""N"": ""i32"", ""X"": ""*fp16"", ""Y"": ""*fp16"", ""dropout_mask"": ""*u1"", ""p"": ""fp32"", ""philox_offset"": ""i32"", ""philox_seed"": ""i32""}","{""N"": [""div16""], ""X"": [""div16""], ""Y"": [""div16""], ""dropout_mask"": [""div16""]}",512,8,4096,7012,70fa39ea8486d0211606f35f9bd940bec50e4126dc4de0b61268e03fc78741e4,QEZ5PQYDVEDX6QQL4M6LUFX5WDTTMSEFC7IXS3Y6XVSDC5CICIMQ,True,True,True
ab-dropout/dropout_before,off,4096x4096,dropout_forward_kernel,w16s3__i64.ttgir,16,3,"{""BLOCK"": 1024}","{""N"": ""i32"", ""X"": ""*fp16"", ""Y"": ""*fp16"", ""dropout_mask"": ""*u1"", ""p"": ""fp32"", ""philox_offset"": ""i64"", ""philox_seed"": ""i32""}","{""N"": [""div16""], ""X"": [""div16""], ""Y"": [""div16""], ""dropout_mask"": [""div16""]}",8524,8,4096,7000,dcffce4a5d4de8af93bcda9f5aad1a11efecedba849f73822a1eb26d8465a158,2JPIKFQD76CV6STCYEZUSKTHOCRG7XT5VZSUYOUFYI4UDCA5Y25A,True,True,True
ab-masked_select/masked_select_after,on,4096x4096,mask_part_sum_kernel,w16s3.ttgir,16,3,"{""BLOCK_SIZE"": 4096, ""NP_BLOCK"": 64}","{""N"": ""i32"", ""counter_ptr"": ""*i32"", ""inp_ptr"": ""*fp16"", ""mask_ptr"": ""*u1"", ""num_blocks"": ""i32"", ""num_blocks_per_row"": ""i32"", ""part_sums_ptr"": ""*i32""}","{""counter_ptr"": [""div16""], ""inp_ptr"": [""div16""], ""mask_ptr"": [""div16""], ""num_blocks"": [""div16""], ""part_sums_ptr"": [""div16""]}",5009,0,64,4644,a6fbfd089d631470f347c532b5a47fec121ec0892bde9cf7c0573113d6628837,VOUF4ZWE2VACYZJHPEIRH4QLQNCNUDKJSU2ZQ73ZKPCXIIBPK6JA,True,True,True
ab-masked_select/masked_select_after,on,4096x4096,write_back_kernel,w16s3.ttgir,16,3,"{""BLOCK_SIZE"": 4096, ""NP_BLOCK"": 64}","{""N"": ""i32"", ""inp_ptr"": ""*fp16"", ""mask_ptr"": ""*u1"", ""num_blocks"": ""i32"", ""num_blocks_per_row"": ""i32"", ""out_ptr"": ""*fp16"", ""part_sums_ptr"": ""*i32""}","{""inp_ptr"": [""div16""], ""mask_ptr"": [""div16""], ""num_blocks"": [""div16""], ""out_ptr"": [""div16""], ""part_sums_ptr"": [""div16""]}",5009,0,64,10516,5b6100bfa33fcd692b38ee02714dfc992d581e65412bb27b57772a994af08742,2LVO5VSD3V7XONE72YJUW2VRZ56SI4ZU2RLEZOYFIUMKI6XXHLQA,True,True,True
ab-masked_select/masked_select_after,on,4096x4096,zeros_kernel,w4s3.ttgir,4,3,"{""BLOCK_SIZE"": 1024, ""n_elements"": 1}","{""output_ptr"": ""*i32""}","{""output_ptr"": [""div16""]}",5009,0,0,1432,7c11812081220a380ab6c00244ab8e5dda9df9c998123f7213ef54d94955fc9a,2CEICPVMPPBMNESA42OKHDQOEDODKZXQEMUHJXTPO2RZJSLM7LUQ,True,True,False
ab-masked_select/masked_select_before,off,4096x4096,mask_part_sum_kernel,w16s3.ttgir,16,3,"{""BLOCK_SIZE"": 4096, ""NP_BLOCK"": 64}","{""N"": ""i32"", ""counter_ptr"": ""*i32"", ""inp_ptr"": ""*fp16"", ""mask_ptr"": ""*u1"", ""num_blocks"": ""i32"", ""num_blocks_per_row"": ""i32"", ""part_sums_ptr"": ""*i32""}","{""counter_ptr"": [""div16""], ""inp_ptr"": [""div16""], ""mask_ptr"": [""div16""], ""num_blocks"": [""div16""], ""part_sums_ptr"": [""div16""]}",3423,1,16384,5156,e96ca437b148e47b13f484bbeab0ad386f3c12b4d86994f19b44852cf79bb832,5YTNINTGC4T76UHAYFVIF4MHQDQKJAXCWOB4ZXYRIN2NG5TCGFOQ,True,True,True
ab-masked_select/masked_select_before,off,4096x4096,write_back_kernel,w16s3.ttgir,16,3,"{""BLOCK_SIZE"": 4096, ""NP_BLOCK"": 64}","{""N"": ""i32"", ""inp_ptr"": ""*fp16"", ""mask_ptr"": ""*u1"", ""num_blocks"": ""i32"", ""num_blocks_per_row"": ""i32"", ""out_ptr"": ""*fp16"", ""part_sums_ptr"": ""*i32""}","{""inp_ptr"": [""div16""], ""mask_ptr"": [""div16""], ""num_blocks"": [""div16""], ""out_ptr"": [""div16""], ""part_sums_ptr"": [""div16""]}",3423,2,8192,24852,89b9bb1ccbdc71a31abfeb8e9e65ffcd79c81abfa0d7e3a14a526ba582dd734f,ITZ6OLL6FZDAO3HQLGEV4TPPZFLQGHPRM7MQLBEMJQYG6A5CT43Q,True,True,True
ab-masked_select/masked_select_before,off,4096x4096,zeros_kernel,w4s3.ttgir,4,3,"{""BLOCK_SIZE"": 1024, ""n_elements"": 1}","{""output_ptr"": ""*i32""}","{""output_ptr"": [""div16""]}",3423,0,0,1432,7c11812081220a380ab6c00244ab8e5dda9df9c998123f7213ef54d94955fc9a,LMMA4S2O3DVC73URI3GIZBZIOOC4UZPA7DBYIS3UW4ZYTCTA5MNQ,True,True,False
ab-normal/normal_tensor_tensor_after,on,4096x4096,randn_kernel,w4s3__i32.ttgir,4,3,"{""BLOCK"": 512}","{""N"": ""i32"", ""out_ptr"": ""*fp32"", ""philox_offset"": ""i32"", ""philox_seed"": ""i32""}","{""N"": [""div16""], ""out_ptr"": [""div16""]}",509,0,0,11108,61ca1d601d71f83af0bbee600955746954c097d02d26cf0e48f3c8a12f714293,DXRXBKXZ4QIHCHQES6BWV6SA3V6IOXMIZHIZU5SISAM5F32TJCTQ,True,True,True
ab-normal/normal_tensor_tensor_after,on,4096x4096,randn_kernel,w4s3__i64.ttgir,4,3,"{""BLOCK"": 512}","{""N"": ""i32"", ""out_ptr"": ""*fp32"", ""philox_offset"": ""i64"", ""philox_seed"": ""i32""}","{""N"": [""div16""], ""out_ptr"": [""div16""]}",6045,0,0,11096,80ba4a4974d653678b58a5259ffa05439ee4366480a177b9e8b291b93ce98ef2,AEW3N4AMN5TLH22I7224RU3IHWK6C5BZESPQYOFKYDCEZ3BJAEUA,True,True,True
ab-normal/normal_tensor_tensor_after,on,4096x4096,transform_func_tensor_tensor_kernel_rank_1,w4s3.ttgir,4,3,"{""in0_stride0"": 1, ""in0_stride_order0"": 0, ""in1_stride0"": 1, ""in1_stride_order0"": 0, ""in2_stride0"": 1, ""in2_stride_order0"": 0, ""one_tile_per_cta"": true, ""out0_stride0"": 1, ""out0_stride_order0"": 0, ""tile_size0"": 1024}","{""in0_ptr"": ""*fp32"", ""in1_ptr"": ""*fp32"", ""in2_ptr"": ""*fp32"", ""num_tasks"": ""i32"", ""out0_ptr"": ""*fp32"", ""s0"": ""i32"", ""tiles_per_cta"": ""i32""}","{""in0_ptr"": [""div16""], ""in1_ptr"": [""div16""], ""in2_ptr"": [""div16""], ""num_tasks"": [""div16""], ""out0_ptr"": [""div16""], ""s0"": [""div16""]}",6554,0,0,1844,edb9d397e698ebcffaff88cee9b0b79d251e25e8789cc3ee0f698738825d2377,XYHBI6A6LCCDD5NIARYORWL2O2SA3I7U6EYN43ZGVI6XUGIGD22A,False,True,False
ab-normal/normal_tensor_tensor_after,on,64x64,randn_kernel,w4s3.ttgir,4,3,"{""BLOCK"": 512}","{""N"": ""i32"", ""out_ptr"": ""*fp32"", ""philox_offset"": ""i32"", ""philox_seed"": ""i32""}","{""N"": [""div16""], ""out_ptr"": [""div16""]}",13622,0,0,11108,61ca1d601d71f83af0bbee600955746954c097d02d26cf0e48f3c8a12f714293,DXRXBKXZ4QIHCHQES6BWV6SA3V6IOXMIZHIZU5SISAM5F32TJCTQ,True,True,True
ab-normal/normal_tensor_tensor_after,on,64x64,transform_func_tensor_tensor_kernel_rank_1,w4s3.ttgir,4,3,"{""in0_stride0"": 1, ""in0_stride_order0"": 0, ""in1_stride0"": 1, ""in1_stride_order0"": 0, ""in2_stride0"": 1, ""in2_stride_order0"": 0, ""one_tile_per_cta"": true, ""out0_stride0"": 1, ""out0_stride_order0"": 0, ""tile_size0"": 1024}","{""in0_ptr"": ""*fp32"", ""in1_ptr"": ""*fp32"", ""in2_ptr"": ""*fp32"", ""num_tasks"": ""i32"", ""out0_ptr"": ""*fp32"", ""s0"": ""i32"", ""tiles_per_cta"": ""i32""}","{""in0_ptr"": [""div16""], ""in1_ptr"": [""div16""], ""in2_ptr"": [""div16""], ""num_tasks"": [""div16""], ""out0_ptr"": [""div16""], ""s0"": [""div16""]}",13622,0,0,1844,edb9d397e698ebcffaff88cee9b0b79d251e25e8789cc3ee0f698738825d2377,XYHBI6A6LCCDD5NIARYORWL2O2SA3I7U6EYN43ZGVI6XUGIGD22A,False,True,False
ab-normal/normal_tensor_tensor_before,off,4096x4096,randn_kernel,w4s3__i32.ttgir,4,3,"{""BLOCK"": 512}","{""N"": ""i32"", ""out_ptr"": ""*fp32"", ""philox_offset"": ""i32"", ""philox_seed"": ""i32""}","{""N"": [""div16""], ""out_ptr"": [""div16""]}",509,4,2048,14180,da77001fdd9c84e203ae80e42d76c24fdafde319861fd891bf35d41006d7bdaf,ISHS5BIIMKNML4JEPEPNRCUTZY3VY2UFW5WBWGSBRYJ7Y5YAPVJQ,True,True,True
ab-normal/normal_tensor_tensor_before,off,4096x4096,randn_kernel,w4s3__i64.ttgir,4,3,"{""BLOCK"": 512}","{""N"": ""i32"", ""out_ptr"": ""*fp32"", ""philox_offset"": ""i64"", ""philox_seed"": ""i32""}","{""N"": [""div16""], ""out_ptr"": [""div16""]}",5565,4,2048,14168,187bfe77d9c0e974fba3793b7da180b29501fb7ca7272512b18fa80dacc5823c,YBMZFLCM2FUAY5NFINHY32BDRVS4OTSLOJXHRDRVKQQDZFAQ4NDQ,True,True,True
ab-normal/normal_tensor_tensor_before,off,4096x4096,transform_func_tensor_tensor_kernel_rank_1,w4s3.ttgir,4,3,"{""in0_stride0"": 1, ""in0_stride_order0"": 0, ""in1_stride0"": 1, ""in1_stride_order0"": 0, ""in2_stride0"": 1, ""in2_stride_order0"": 0, ""one_tile_per_cta"": true, ""out0_stride0"": 1, ""out0_stride_order0"": 0, ""tile_size0"": 1024}","{""in0_ptr"": ""*fp32"", ""in1_ptr"": ""*fp32"", ""in2_ptr"": ""*fp32"", ""num_tasks"": ""i32"", ""out0_ptr"": ""*fp32"", ""s0"": ""i32"", ""tiles_per_cta"": ""i32""}","{""in0_ptr"": [""div16""], ""in1_ptr"": [""div16""], ""in2_ptr"": [""div16""], ""num_tasks"": [""div16""], ""out0_ptr"": [""div16""], ""s0"": [""div16""]}",6074,0,0,1844,edb9d397e698ebcffaff88cee9b0b79d251e25e8789cc3ee0f698738825d2377,JBNTCGKJMHBR6W73M7YFSCRBHN6MEHVC7AFFPPYK3DV4PUMO3FDA,False,True,False
ab-normal/normal_tensor_tensor_before,off,64x64,randn_kernel,w4s3.ttgir,4,3,"{""BLOCK"": 512}","{""N"": ""i32"", ""out_ptr"": ""*fp32"", ""philox_offset"": ""i32"", ""philox_seed"": ""i32""}","{""N"": [""div16""], ""out_ptr"": [""div16""]}",13972,4,2048,14180,da77001fdd9c84e203ae80e42d76c24fdafde319861fd891bf35d41006d7bdaf,ISHS5BIIMKNML4JEPEPNRCUTZY3VY2UFW5WBWGSBRYJ7Y5YAPVJQ,True,True,True
ab-normal/normal_tensor_tensor_before,off,64x64,transform_func_tensor_tensor_kernel_rank_1,w4s3.ttgir,4,3,"{""in0_stride0"": 1, ""in0_stride_order0"": 0, ""in1_stride0"": 1, ""in1_stride_order0"": 0, ""in2_stride0"": 1, ""in2_stride_order0"": 0, ""one_tile_per_cta"": true, ""out0_stride0"": 1, ""out0_stride_order0"": 0, ""tile_size0"": 1024}","{""in0_ptr"": ""*fp32"", ""in1_ptr"": ""*fp32"", ""in2_ptr"": ""*fp32"", ""num_tasks"": ""i32"", ""out0_ptr"": ""*fp32"", ""s0"": ""i32"", ""tiles_per_cta"": ""i32""}","{""in0_ptr"": [""div16""], ""in1_ptr"": [""div16""], ""in2_ptr"": [""div16""], ""num_tasks"": [""div16""], ""out0_ptr"": [""div16""], ""s0"": [""div16""]}",13972,0,0,1844,edb9d397e698ebcffaff88cee9b0b79d251e25e8789cc3ee0f698738825d2377,JBNTCGKJMHBR6W73M7YFSCRBHN6MEHVC7AFFPPYK3DV4PUMO3FDA,False,True,False
ab-rand/rand_after,on,4096x4096,rand_kernel,w16s3__i32.ttgir,16,3,"{""BLOCK"": 1024}","{""N"": ""i32"", ""out_ptr"": ""*fp16"", ""philox_offset"": ""i32"", ""philox_seed"": ""i32""}","{""N"": [""div16""], ""out_ptr"": [""div16""]}",512,0,0,3428,109a2f802b739571edcbf2ec635d2bb1a2f1d4b8a18a8f2a5ebce7c311f3de6b,A63OVY4QDFZ7HIRZRWPRQUZEPTA5GJVYI53ZH7T64ESAFHFHRNFA,True,True,True
ab-rand/rand_after,on,4096x4096,rand_kernel,w16s3__i64.ttgir,16,3,"{""BLOCK"": 1024}","{""N"": ""i32"", ""out_ptr"": ""*fp16"", ""philox_offset"": ""i64"", ""philox_seed"": ""i32""}","{""N"": [""div16""], ""out_ptr"": [""div16""]}",10509,0,0,3416,d6df8c735bea5b4a8d05e8e50f446b60bf8cc2a87ab00d0a51ee65e1bb5c218e,GPEBYV6QIJRZUWV7RDV2DLRMAKTLE5263BNMSY3NSJAXOFP2X66A,True,True,True
ab-rand/rand_before,off,4096x4096,rand_kernel,w16s3__i32.ttgir,16,3,"{""BLOCK"": 1024}","{""N"": ""i32"", ""out_ptr"": ""*fp16"", ""philox_offset"": ""i32"", ""philox_seed"": ""i32""}","{""N"": [""div16""], ""out_ptr"": [""div16""]}",512,4,2048,4196,02294b7110ce2534c763836929e22408412cb99dfddbf8633980199956d5a990,QLMIVULDHXFELBPUV7GG2KBIHLZD4JSJK235G4JNH4CTENU7R6RA,True,True,True
ab-rand/rand_before,off,4096x4096,rand_kernel,w16s3__i64.ttgir,16,3,"{""BLOCK"": 1024}","{""N"": ""i32"", ""out_ptr"": ""*fp16"", ""philox_offset"": ""i64"", ""philox_seed"": ""i32""}","{""N"": [""div16""], ""out_ptr"": [""div16""]}",10561,4,2048,4184,f93040aa2e9953a4dc06933f32b007f081f114b446e6849dde67b1bb0194fc48,B5APCQET3BNRY24LCDLPXRQRT3PSRYOF773FH4ZQQ344XNZPMBGQ,True,True,True
ab-rand_like/rand_like_after,on,4096x4096,rand_kernel,w16s3__i32.ttgir,16,3,"{""BLOCK"": 1024}","{""N"": ""i32"", ""out_ptr"": ""*fp16"", ""philox_offset"": ""i32"", ""philox_seed"": ""i32""}","{""N"": [""div16""], ""out_ptr"": [""div16""]}",512,0,0,3428,109a2f802b739571edcbf2ec635d2bb1a2f1d4b8a18a8f2a5ebce7c311f3de6b,A63OVY4QDFZ7HIRZRWPRQUZEPTA5GJVYI53ZH7T64ESAFHFHRNFA,True,True,True
ab-rand_like/rand_like_after,on,4096x4096,rand_kernel,w16s3__i64.ttgir,16,3,"{""BLOCK"": 1024}","{""N"": ""i32"", ""out_ptr"": ""*fp16"", ""philox_offset"": ""i64"", ""philox_seed"": ""i32""}","{""N"": [""div16""], ""out_ptr"": [""div16""]}",11885,0,0,3416,d6df8c735bea5b4a8d05e8e50f446b60bf8cc2a87ab00d0a51ee65e1bb5c218e,GPEBYV6QIJRZUWV7RDV2DLRMAKTLE5263BNMSY3NSJAXOFP2X66A,True,True,True
ab-rand_like/rand_like_before,off,4096x4096,rand_kernel,w16s3__i32.ttgir,16,3,"{""BLOCK"": 1024}","{""N"": ""i32"", ""out_ptr"": ""*fp16"", ""philox_offset"": ""i32"", ""philox_seed"": ""i32""}","{""N"": [""div16""], ""out_ptr"": [""div16""]}",512,4,2048,4196,02294b7110ce2534c763836929e22408412cb99dfddbf8633980199956d5a990,QLMIVULDHXFELBPUV7GG2KBIHLZD4JSJK235G4JNH4CTENU7R6RA,True,True,True
ab-rand_like/rand_like_before,off,4096x4096,rand_kernel,w16s3__i64.ttgir,16,3,"{""BLOCK"": 1024}","{""N"": ""i32"", ""out_ptr"": ""*fp16"", ""philox_offset"": ""i64"", ""philox_seed"": ""i32""}","{""N"": [""div16""], ""out_ptr"": [""div16""]}",11571,4,2048,4184,f93040aa2e9953a4dc06933f32b007f081f114b446e6849dde67b1bb0194fc48,B5APCQET3BNRY24LCDLPXRQRT3PSRYOF773FH4ZQQ344XNZPMBGQ,True,True,True
ab-randn/randn_after,on,4096x4096,randn_kernel,w16s3__i32.ttgir,16,3,"{""BLOCK"": 1024}","{""N"": ""i32"", ""out_ptr"": ""*fp16"", ""philox_offset"": ""i32"", ""philox_seed"": ""i32""}","{""N"": [""div16""], ""out_ptr"": [""div16""]}",512,4,2048,6756,fed8140f7e3bfa25f5635b50a67263b6cfab4b40e45ae089381055cf5ac38690,SV7JZ2C5EOTUNZPAOC5JAY4EIUDY5EVGX4SQ6CIJUXBB66TDLQJQ,True,True,False
ab-randn/randn_after,on,4096x4096,randn_kernel,w16s3__i64.ttgir,16,3,"{""BLOCK"": 1024}","{""N"": ""i32"", ""out_ptr"": ""*fp16"", ""philox_offset"": ""i64"", ""philox_seed"": ""i32""}","{""N"": [""div16""], ""out_ptr"": [""div16""]}",8549,4,2048,6744,2528e42d083dade5263f82c30e3dd74f0404b329b834cf05e6660ccfc17d01fa,5RORO7D5RX3LXIEBG7UBQVMPZPLAHQX43XSJVMNGC3OJNH4UAM2A,True,True,False
ab-randn/randn_before,off,4096x4096,randn_kernel,w16s3__i32.ttgir,16,3,"{""BLOCK"": 1024}","{""N"": ""i32"", ""out_ptr"": ""*fp16"", ""philox_offset"": ""i32"", ""philox_seed"": ""i32""}","{""N"": [""div16""], ""out_ptr"": [""div16""]}",512,4,2048,6756,fed8140f7e3bfa25f5635b50a67263b6cfab4b40e45ae089381055cf5ac38690,VVASJXW43V7LRHTOVFTZ526Y2IBORXGAPVETAKXPVPZDUKTWLWRQ,True,True,False
ab-randn/randn_before,off,4096x4096,randn_kernel,w16s3__i64.ttgir,16,3,"{""BLOCK"": 1024}","{""N"": ""i32"", ""out_ptr"": ""*fp16"", ""philox_offset"": ""i64"", ""philox_seed"": ""i32""}","{""N"": [""div16""], ""out_ptr"": [""div16""]}",9641,4,2048,6744,2528e42d083dade5263f82c30e3dd74f0404b329b834cf05e6660ccfc17d01fa,IKB2FUOSTO2WA5MVFY3QZU6YA2YRSRWVAKYEGJH2GEWGWJP75IBQ,True,True,False
ab-randn_like/randn_like_after,on,4096x4096,randn_kernel,w16s3__i32.ttgir,16,3,"{""BLOCK"": 1024}","{""N"": ""i32"", ""out_ptr"": ""*fp16"", ""philox_offset"": ""i32"", ""philox_seed"": ""i32""}","{""N"": [""div16""], ""out_ptr"": [""div16""]}",512,4,2048,6756,fed8140f7e3bfa25f5635b50a67263b6cfab4b40e45ae089381055cf5ac38690,SV7JZ2C5EOTUNZPAOC5JAY4EIUDY5EVGX4SQ6CIJUXBB66TDLQJQ,True,True,False
ab-randn_like/randn_like_after,on,4096x4096,randn_kernel,w16s3__i64.ttgir,16,3,"{""BLOCK"": 1024}","{""N"": ""i32"", ""out_ptr"": ""*fp16"", ""philox_offset"": ""i64"", ""philox_seed"": ""i32""}","{""N"": [""div16""], ""out_ptr"": [""div16""]}",9618,4,2048,6744,2528e42d083dade5263f82c30e3dd74f0404b329b834cf05e6660ccfc17d01fa,5RORO7D5RX3LXIEBG7UBQVMPZPLAHQX43XSJVMNGC3OJNH4UAM2A,True,True,False
ab-randn_like/randn_like_before,off,4096x4096,randn_kernel,w16s3__i32.ttgir,16,3,"{""BLOCK"": 1024}","{""N"": ""i32"", ""out_ptr"": ""*fp16"", ""philox_offset"": ""i32"", ""philox_seed"": ""i32""}","{""N"": [""div16""], ""out_ptr"": [""div16""]}",512,4,2048,6756,fed8140f7e3bfa25f5635b50a67263b6cfab4b40e45ae089381055cf5ac38690,VVASJXW43V7LRHTOVFTZ526Y2IBORXGAPVETAKXPVPZDUKTWLWRQ,True,True,False
ab-randn_like/randn_like_before,off,4096x4096,randn_kernel,w16s3__i64.ttgir,16,3,"{""BLOCK"": 1024}","{""N"": ""i32"", ""out_ptr"": ""*fp16"", ""philox_offset"": ""i64"", ""philox_seed"": ""i32""}","{""N"": [""div16""], ""out_ptr"": [""div16""]}",9709,4,2048,6744,2528e42d083dade5263f82c30e3dd74f0404b329b834cf05e6660ccfc17d01fa,IKB2FUOSTO2WA5MVFY3QZU6YA2YRSRWVAKYEGJH2GEWGWJP75IBQ,True,True,False
ab-topk-fixed/topk_after,on,128x32768x256,topk_kernel_radix_tle,w4s1.ttgir,4,1,"{""BLOCK_N"": 512, ""K"": 256, ""K_PAD"": 256, ""RADIX_BITS"": 4}","{""X"": ""*fp16"", ""Yi"": ""*i64"", ""Yv"": ""*fp16"", ""n_cols"": ""i32"", ""stride_xm"": ""i32"", ""stride_ym"": ""i32""}","{""X"": [""div16""], ""Yi"": [""div16""], ""Yv"": [""div16""], ""n_cols"": [""div16""], ""stride_xm"": [""div16""], ""stride_ym"": [""div16""]}",5727,0,1028,25940,93a7a23bcf3b96f8d1626a8198067048b5fe07baed13ac9fae61c77c398e029e,5JE65GSQRM7H3KV75UC7TWMO4Q5VNVEWOGT3KSG6EDQ5T5E5TYRA,True,True,True
ab-topk-fixed/topk_after,on,161024256x256,topk_kernel_radix_tle,w4s1.ttgir,4,1,"{""BLOCK_N"": 256, ""K"": 256, ""K_PAD"": 256, ""RADIX_BITS"": 4}","{""X"": ""*fp16"", ""Yi"": ""*i64"", ""Yv"": ""*fp16"", ""n_cols"": ""i32"", ""stride_xm"": ""i32"", ""stride_ym"": ""i32""}","{""X"": [""div16""], ""Yi"": [""div16""], ""Yv"": [""div16""], ""n_cols"": [""div16""], ""stride_xm"": [""div16""], ""stride_ym"": [""div16""]}",4323,4,1540,22868,14f9867d7f12a111dd212de3ec3e52dbf394f068655d4f2c919c0f2c344a7e54,3SX7ALDEF4R6T46BYECRERCPHIMC54ZSUKSZHVX3O7ACE6OZJV6A,True,True,True
ab-topk-fixed/topk_after,on,64x1024x32,topk_kernel_radix_tle,w4s1.ttgir,4,1,"{""BLOCK_N"": 512, ""K"": 32, ""K_PAD"": 32, ""RADIX_BITS"": 4}","{""X"": ""*fp16"", ""Yi"": ""*i64"", ""Yv"": ""*fp16"", ""n_cols"": ""i32"", ""stride_xm"": ""i32"", ""stride_ym"": ""i32""}","{""X"": [""div16""], ""Yi"": [""div16""], ""Yv"": [""div16""], ""n_cols"": [""div16""], ""stride_xm"": [""div16""], ""stride_ym"": [""div16""]}",14795,0,132,19796,b360fa7fea6c0449c6dced93a73f5d8510352de59b059aa74a8bee0552074900,66YNY4JV4X2DC4WTUZE2HOTLDQA42G4UWG27K2CW2SZZJ3N3HMVA,True,True,True
ab-topk-fixed/topk_after,on,64x8192x128,topk_kernel_radix_tle,w4s1.ttgir,4,1,"{""BLOCK_N"": 512, ""K"": 128, ""K_PAD"": 128, ""RADIX_BITS"": 4}","{""X"": ""*fp16"", ""Yi"": ""*i64"", ""Yv"": ""*fp16"", ""n_cols"": ""i32"", ""stride_xm"": ""i32"", ""stride_ym"": ""i32""}","{""X"": [""div16""], ""Yi"": [""div16""], ""Yv"": [""div16""], ""n_cols"": [""div16""], ""stride_xm"": [""div16""], ""stride_ym"": [""div16""]}",11089,0,516,21588,f85c70e2fd71893f8d1a148cf2f41ffc2b708ecca0c079149c5b2c3f4c6c3e5c,NBUDGPN57QOJHEGQUHKJMJ3J5D4Z65YD6GDDRD4RJGW3SB3JNJPA,True,True,True
ab-topk-fixed/topk_before,off,128x32768x256,topk_kernel_radix_tle,w4s1.ttgir,4,1,"{""BLOCK_N"": 512, ""K"": 256, ""K_PAD"": 256, ""RADIX_BITS"": 4}","{""X"": ""*fp16"", ""Yi"": ""*i64"", ""Yv"": ""*fp16"", ""n_cols"": ""i32"", ""stride_xm"": ""i32"", ""stride_ym"": ""i32""}","{""X"": [""div16""], ""Yi"": [""div16""], ""Yv"": [""div16""], ""n_cols"": [""div16""], ""stride_xm"": [""div16""], ""stride_ym"": [""div16""]}",5006,7,1088,28756,b4be04449c407de9a6f31752c81fe2196f498e28a91101ccf798e286014dda86,YP4CESKMQOS6SVABS2QGUPQCU2DKK6X4FV4KDXIWNUQDPCAM3OUA,True,True,True
ab-topk-fixed/topk_before,off,161024256x256,topk_kernel_radix_tle,w4s1.ttgir,4,1,"{""BLOCK_N"": 256, ""K"": 256, ""K_PAD"": 256, ""RADIX_BITS"": 4}","{""X"": ""*fp16"", ""Yi"": ""*i64"", ""Yv"": ""*fp16"", ""n_cols"": ""i32"", ""stride_xm"": ""i32"", ""stride_ym"": ""i32""}","{""X"": [""div16""], ""Yi"": [""div16""], ""Yv"": [""div16""], ""n_cols"": [""div16""], ""stride_xm"": [""div16""], ""stride_ym"": [""div16""]}",4197,7,1028,23892,b52401ede4b42d06b9b40d00eb2cd3789015afac14c693d4e51943db5a0422d2,62STQ7K2PRTUAYJI4ZUPUVTVF6EQEHBWU465WLBGBIPNAACJCX6Q,True,True,True
ab-topk-fixed/topk_before,off,64x1024x32,topk_kernel_radix_tle,w4s1.ttgir,4,1,"{""BLOCK_N"": 512, ""K"": 32, ""K_PAD"": 32, ""RADIX_BITS"": 4}","{""X"": ""*fp16"", ""Yi"": ""*i64"", ""Yv"": ""*fp16"", ""n_cols"": ""i32"", ""stride_xm"": ""i32"", ""stride_ym"": ""i32""}","{""X"": [""div16""], ""Yi"": [""div16""], ""Yv"": [""div16""], ""n_cols"": [""div16""], ""stride_xm"": [""div16""], ""stride_ym"": [""div16""]}",14900,7,1088,22356,52892d6e106daea35e1cda0494585f553bd228f393505e9b92a4733bb677d39b,PGUQNC6NHDTFAEWKEODPNN3KFC65YPTQ6AYFPB4L6FFMWEUYPRCQ,True,True,True
ab-topk-fixed/topk_before,off,64x8192x128,topk_kernel_radix_tle,w4s1.ttgir,4,1,"{""BLOCK_N"": 512, ""K"": 128, ""K_PAD"": 128, ""RADIX_BITS"": 4}","{""X"": ""*fp16"", ""Yi"": ""*i64"", ""Yv"": ""*fp16"", ""n_cols"": ""i32"", ""stride_xm"": ""i32"", ""stride_ym"": ""i32""}","{""X"": [""div16""], ""Yi"": [""div16""], ""Yv"": [""div16""], ""n_cols"": [""div16""], ""stride_xm"": [""div16""], ""stride_ym"": [""div16""]}",10312,7,1088,24148,d7e9d6051e883dd2e60f1047ef9ed6623a97559d6e7b61d48e53d0008ac66072,E3NUC5QN5YD7FVJKHQDZXH4MESR6SFC7WG6HCB6WAGNNDO4FAK2A,True,True,True
ab-uniform_/uniform__after,on,4096x4096,uniform_kernel,w16s3__i32.ttgir,16,3,"{""BLOCK"": 1024}","{""N"": ""i32"", ""from_"": ""fp32"", ""out_ptr"": ""*fp16"", ""philox_offset"": ""i32"", ""philox_seed"": ""i32"", ""to"": ""fp32""}","{""N"": [""div16""], ""out_ptr"": [""div16""]}",512,0,0,3428,9a0c999157b1873a6befbc9f93308ea5497c82fd8a83d86f5f0c4c127f238637,JCRYIEXJKSXHZ4VA3VKSB55LCOKEH27ZVPDZSWTVP4D6GMMM2CMQ,True,True,True
ab-uniform_/uniform__after,on,4096x4096,uniform_kernel,w16s3__i64.ttgir,16,3,"{""BLOCK"": 1024}","{""N"": ""i32"", ""from_"": ""fp32"", ""out_ptr"": ""*fp16"", ""philox_offset"": ""i64"", ""philox_seed"": ""i32"", ""to"": ""fp32""}","{""N"": [""div16""], ""out_ptr"": [""div16""]}",11820,0,0,3416,f13a705430e25088866f0a37202379d853b62f7ae9eb5bcabc3f51b6f6c00961,J6PFR6NTF2JPYVT74MXL4GFHOPUFMW323ZWT7VO32ZQXOC2ZTOPQ,True,True,True
ab-uniform_/uniform__before,off,4096x4096,uniform_kernel,w16s3__i32.ttgir,16,3,"{""BLOCK"": 1024}","{""N"": ""i32"", ""from_"": ""fp32"", ""out_ptr"": ""*fp16"", ""philox_offset"": ""i32"", ""philox_seed"": ""i32"", ""to"": ""fp32""}","{""N"": [""div16""], ""out_ptr"": [""div16""]}",512,4,2048,3940,f09ae6b7fdd8e8099fb268c236e3d98d0a7c0a8a6f115c1d454940809a71020c,3QLELZUSTXA3LLBZG4ZP5P5SDD2VN4JKAPLDBWNDHBYTI4XGOFHA,True,True,True
ab-uniform_/uniform__before,off,4096x4096,uniform_kernel,w16s3__i64.ttgir,16,3,"{""BLOCK"": 1024}","{""N"": ""i32"", ""from_"": ""fp32"", ""out_ptr"": ""*fp16"", ""philox_offset"": ""i64"", ""philox_seed"": ""i32"", ""to"": ""fp32""}","{""N"": [""div16""], ""out_ptr"": [""div16""]}",11650,4,2048,3928,8db20afd34e0ec45c9c3c220123f9604be4fd5f67ffa57d2f0eaf892296ce10f,A4XOUE4YW7OA42DQ3ZYUECIYL3Y22PF5LZ2OEDMOUHEMEMUNW2VQ,True,True,True
