operator,dtype,input_shape,parameters,off_ms,on_ms,speedup_pct,rounds,timer,within_run_repeat,chain_clean,status,run,size_detail,full_output_correctness,binary_binding,executable_text_changed,compiler_source,phase_mask,shape_meaning,input_layout
bernoulli_,float16,4096x4096,p=0.5,0.06544,0.055,18.9818,1,direct,3,True,observed_gain,ab-bernoulli-fixed,"[torch.Size([4096, 4096]), 0.5]",PASS (off/on and semantic checks),PASS (cache identity + TTGIR + executable .text),True,8ef46b61b2d2ef496ef0d9a714b6680c51ec3003,15,dimensions of each input/output tensor; RNG size is output size,contiguous
dropout,float16,4096x4096,"p=0.5,training=True",0.13264,0.09692,36.8551,1,direct,3,True,observed_gain,ab-dropout,"[torch.Size([4096, 4096])]",PASS (off/on and semantic checks),PASS (cache identity + TTGIR + executable .text),True,8ef46b61b2d2ef496ef0d9a714b6680c51ec3003,15,dimensions of each input/output tensor; RNG size is output size,contiguous
masked_select,float16,4096x4096,bool mask same shape; independent random input < 0.3,0.73612,0.46466,58.4212,1,direct,3,True,observed_gain,ab-masked_select,"[torch.Size([4096, 4096]), torch.Size([4096, 4096])]",PASS (off/on and semantic checks),PASS (cache identity + TTGIR + executable .text),True,8ef46b61b2d2ef496ef0d9a714b6680c51ec3003,15,dimensions of each input/output tensor; RNG size is output size,contiguous
normal_tensor_tensor,float32,64x64,"mean=3,std=10 (both tensors)",0.0119,0.01072,11.0075,1,direct,3,True,observed_gain,ab-normal,"[torch.Size([64, 64]), torch.Size([64, 64])]",PASS (off/on and semantic checks),PASS (cache identity + TTGIR + executable .text),True,8ef46b61b2d2ef496ef0d9a714b6680c51ec3003,15,dimensions of each input/output tensor; RNG size is output size,contiguous
normal_tensor_tensor,float32,4096x4096,"mean=3,std=10 (both tensors)",0.36628,0.32896,11.3448,1,direct,3,True,observed_gain,ab-normal,"[torch.Size([4096, 4096]), torch.Size([4096, 4096])]",PASS (off/on and semantic checks),PASS (cache identity + TTGIR + executable .text),True,8ef46b61b2d2ef496ef0d9a714b6680c51ec3003,15,dimensions of each input/output tensor; RNG size is output size,contiguous
rand,float16,4096x4096,"uniform [0,1); contiguous output",0.06836,0.05588,22.3336,1,direct,3,True,observed_gain,ab-rand,"{'size': [4096, 4096], 'dtype': torch.float16, 'device': 'musa'}",PASS (off/on and semantic checks),PASS (cache identity + TTGIR + executable .text),True,8ef46b61b2d2ef496ef0d9a714b6680c51ec3003,15,dimensions of each input/output tensor; RNG size is output size,contiguous
rand_like,float16,4096x4096,"uniform [0,1); contiguous output",0.0684,0.05588,22.4052,1,direct,3,True,observed_gain,ab-rand_like,"[torch.Size([4096, 4096])]",PASS (off/on and semantic checks),PASS (cache identity + TTGIR + executable .text),True,8ef46b61b2d2ef496ef0d9a714b6680c51ec3003,15,dimensions of each input/output tensor; RNG size is output size,contiguous
randn,float16,4096x4096,"normal mean=0,std=1; contiguous output",0.1156,0.1156,0.0,1,direct,3,True,no_material_gain,ab-randn,"{'size': [4096, 4096], 'dtype': torch.float16, 'device': 'musa'}",PASS (off/on and semantic checks),PASS (cache identity + TTGIR + executable .text),False,8ef46b61b2d2ef496ef0d9a714b6680c51ec3003,15,dimensions of each input/output tensor; RNG size is output size,contiguous
randn_like,float16,4096x4096,"normal mean=0,std=1; contiguous output",0.1156,0.11556,0.0346,1,direct,3,True,no_material_gain,ab-randn_like,"[torch.Size([4096, 4096])]",PASS (off/on and semantic checks),PASS (cache identity + TTGIR + executable .text),False,8ef46b61b2d2ef496ef0d9a714b6680c51ec3003,15,dimensions of each input/output tensor; RNG size is output size,contiguous
topk,float16,128x32768,"k=256,dim=-1",0.4514,0.35652,26.6128,1,direct,3,True,observed_gain,ab-topk-fixed,"{'x': torch.Size([128, 32768]), 'k': 256, 'dim': -1}",PASS (off/on and semantic checks),PASS (cache identity + TTGIR + executable .text),True,8ef46b61b2d2ef496ef0d9a714b6680c51ec3003,15,input dimensions; last dimension is selection axis,contiguous
topk,float16,64x1024,"k=32,dim=-1",0.02392,0.02092,14.3403,1,direct,3,True,observed_gain,ab-topk-fixed,"{'x': torch.Size([64, 1024]), 'k': 32, 'dim': -1}",PASS (off/on and semantic checks),PASS (cache identity + TTGIR + executable .text),True,8ef46b61b2d2ef496ef0d9a714b6680c51ec3003,15,input dimensions; last dimension is selection axis,contiguous
topk,float16,64x8192,"k=128,dim=-1",0.11856,0.09452,25.4338,1,direct,3,True,observed_gain,ab-topk-fixed,"{'x': torch.Size([64, 8192]), 'k': 128, 'dim': -1}",PASS (off/on and semantic checks),PASS (cache identity + TTGIR + executable .text),True,8ef46b61b2d2ef496ef0d9a714b6680c51ec3003,15,input dimensions; last dimension is selection axis,contiguous
topk,float16,16x1024x256,"k=256,dim=-1",0.58628,0.55764,5.1359,1,direct,3,True,observed_gain,ab-topk-fixed,"{'x': torch.Size([16, 1024, 256]), 'k': 256, 'dim': -1}",PASS (off/on and semantic checks),PASS (cache identity + TTGIR + executable .text),True,8ef46b61b2d2ef496ef0d9a714b6680c51ec3003,15,input dimensions; last dimension is selection axis,contiguous
uniform_,float16,4096x4096,"from=0,to=1",0.06508,0.055,18.3273,1,direct,3,True,observed_gain,ab-uniform_,"[torch.Size([4096, 4096])]",PASS (off/on and semantic checks),PASS (cache identity + TTGIR + executable .text),True,8ef46b61b2d2ef496ef0d9a714b6680c51ec3003,15,dimensions of each input/output tensor; RNG size is output size,contiguous
